"FOX ISLAND ZOOPLANKTON  OCTOBER, 2001 - OCTOBER, 2003",,,,,,,ZOOPLANKTON DATA FROM NSF MNEMIOPSIS STUDY,,,,,,,,,,,,,,,,,,,,,,,,,,,,,,,,,,,,,,,,,,,,,,,,,,,,,,,,,,,,,,,,,,,,,,,,,,,,,,,,,,,,,,,,,,,,,,,,,,,,,,,,,,,,,,,,,,,,,,,,,,,,,,,,,,,,,,,,,,,,,,,,,,,,,,,,,,,,,,,,,,,
Week,,,,1,2,3,4,5,6,7,8,9,10,11,12,13,14,15,16,17,18,19,20,21,22,23,24,25,26,27,28,29,30,31,32,33,34,35,36,37,38,39,40,41,42,43,44,45,46,47,48,49,50,51,52,53,54,55,56,57,58,59,60,61,62,63,64,65,66,67,68,69,70,71,72,73,74,75,76,77,78,79,80,81,82,83,84,85,86,87,88,89,90,91,92,93,94,95,96,97,98,99,100,101,102,103,104,105,106,107,108,109,110,111,112,113,114,115,116,117,118,119,120,121,122,123,124,125,126,127,128,129,130,131,132,133,134,135,136,137,138,139,140,141,142,143,144,145,146,147,148,149,150,151,152,153,154,155,156,157,158,159,160,161,162,163,164,165,166,167
Date,,,,10/24/2001,10/31/2001,11/7/2001,11/14/2001,11/20/2001,11/28/2001,12/5/2001,12/12/2001,12/19/2001,12/26/2001,1/2/2002,1/9/2002,1/16/2002,1/23/2002,1/30/2002,2/6/2002,2/13/2002,2/20/2002,2/27/2002,3/6/2002,3/13/2002,3/20/2002,3/26/2002,4/3/2002,4/10/2002,4/17/2002,4/24/2002,5/1/2002,5/8/2002,5/16/2002,5/22/2002,5/29/2002,6/5/2002,6/12/2002,6/19/2002,6/26/2002,7/1/2002,7/10/2002,7/17/2002,7/24/2002,7/31/2002,8/7/2002,8/14/2002,8/19/2002,8/28/2002,9/4/2002,9/11/2002,9/18/2002,9/25/2002,10/2/2002,10/9/2002,10/16/2002,10/23/2002,10/30/2002,11/6/2002,11/13/2002,11/20/2002,11/25/2002,12/4/2002,12/11/2002,12/18/2002,12/30/2002,1/8/2003,1/15/2003,1/22/2003,1/29/2003,2/5/2003,2/12/2003,2/19/2003,2/26/2003,3/5/2003,3/12/2003,3/19/2003,3/26/2003,4/2/2003,4/9/2003,4/16/2003,4/23/2003,4/30/2003,5/7/2003,5/14/2003,5/21/2003,5/28/2003,6/4/2003,6/11/2003,6/18/2003,6/25/2003,7/2/2003,7/9/2003,7/16/2003,7/23/2003,7/30/2003,8/6/2003,8/13/2003,8/20/2003,8/27/2003,9/3/2003,9/10/2003,9/17/2003,9/24/2003,10/1/2003,10/8/2003,10/16/2003,10/22/2003,10/29/2003,11/3/2003,11/10/2003,11/17/2003,11/24/2003,12/1/2003,12/1/2003,12/9/2003,12/15/2003,12/30/2003,1/5/2004,1/14/2004,1/21/2004,1/29/2004,2/4/2004,2/9/2004,2/16/2004,2/23/2004,3/1/2004,3/12/2004,3/18/2004,3/22/2004,3/29/2004,4/5/2004,4/14/2004,4/19/2004,4/26/2004,5/3/2004,5/10/2004,5/17/2004,5/24/2004,6/2/2004,6/7/2004,6/15/2004,6/21/2004,6/27/2004,7/6/2004,7/12/2004,7/19/2004,7/26/2004,8/2/2004,8/10/2004,8/16/2004,8/23/2004,8/30/2004,9/8/2004,9/15/2004,9/20/2004,9/27/2004,10/4/2004,10/12/2004,10/18/2004,10/25/2004,11/1/2004,11/8/2004,11/15/2004,11/22/2004,11/29/2004,12/6/2004,12/12/2004,1/7/2005,1/10/2005,1/20/2005
Revs,,,,30,24,26,53,28,40,40,20,63,no,30,28,30,34,51,40,45,42.5,25,33,45,21,31.5,,25,30,25,35,36.5,44,26.5,44.5,no,32,40,41,40,48,35,56,27,30,44,38.5,no,no,28,30,33,33,36,no,no,23,no,44,37,37,50,40,28,37,22,34,no,no,35,no,no,30,26,30,41,31,26,12,30,27,40,33,33,26,30,28,33,37,28,15,22,30,28,28,37,40,33,28,20,27,23,30,19,32,28,31,no,20,20,20,20,20,20,20,20,20,20,20,20,20,20,20,20,20,20,20,20,20,20,20,20,20,20,20,20,20,20,20,20,20,20,20,20,,20,20,20,20,20,20,20,20,20,20,20,20,20,20,20,20,20,20,20,20,20,20,20,20,20
Tow length - revs,,,,7.5,6,6.5,13.25,7,10,10,5,15.75,sampling,7.5,7,7.5,8.5,12.75,10,11.25,10.625,6.25,8.25,11.25,5.25,7.875,no,6.25,7.5,6.25,8.75,9.125,11,6.625,11.125,sample,8,10,10.25,10,12,8.75,14,6.75,7.5,11,9.625,sample,sample,7,7.5,8.25,7,9,sample,sample,5.75,sample,11,9.25,9.25,12.5,10,7,9.25,5.5,8.5,sample,sample,8.75,sampling,sampling,7.5,6.5,7.5,10.25,7.75,6.5,3,7.5,6.75,10,8.25,8.25,6.5,7.5,7,8.25,9.25,7,3.75,5.5,7.5,7,7,9.25,10,8.25,7,5,6.75,5.75,7.5,4.75,8,7,7.75,sampling,5,5,5,5,5,5,5,5,5,5,5,5,5,5,5,5,5,5,5,5,5,5,5,5,5,5,5,5,5,5,5,5,5,5,5,5,no,5,5,5,5,5,5,5,5,5,5,5,5,5,5,5,5,5,5,5,5,5,5,5,5,5
% sampled,,,,0.02,0.02,0.02,0.04,0.1,0.1,0.1,0.1,0.1,holiday,0.1,0.1,0.1,0.1,0.1,0.1,0.1,0.1,0.02,0.1,0.02,0.1,0.02,sample,0.02,0.02,0.02,0.01,0.02,0.02,0.02,0.02,weather,0.02,0.02,0.1,0.02,0.02,0.1,0.02,0.1,0.02,0.02,0.02,boat,weather,0.02,0.02,0.02,0.02,0.02,weather,weather,0.02,weather,0.1,0.1,0.1,0.02,0.1,0.1,0.02,0.02,0.02,weather,weather,0.02,weather,weather,0.02,0.02,0.02,0.01,0.01,0.01,0.01,0.02,0.02,0.02,0.02,0.01,0.02,0.02,0.01,0.01,0.01,0.01,0.02,0.02,0.02,0.02,0.02,0.02,0.02,0.02,0.02,0.1,0.1,0.1,0.1,0.1,0.1,0.1,0.02,weather,0.1,0.1,0.1,0.1,0.1,0.1,0.1,1,0.1,0.02,0.1,0.02,0.02,0.02,0.02,0.02,0.02,0.02,0.1,0.1,0.02,0.02,0.1,0.01,0.01,0.01,0.02,0.01,0.02,0.02,0.02,0.02,0.01,0.1,0.02,0.02,zoop,0.02,0.02,0.02,0.02,0.02,0.01,0.01,0.02,0.02,0.01,0.01,0.02,0.02,0.02,0.02,0.01,0.1,0.1,0.02,0.02,0.02,0.1,0.1,0.1,0.1
Tow  length - rope,,,,6,6,8,7,7,7,7,8,8,,7.5,6,7.5,7,7.8,8,6,8,15,9,6,7,6.5,weather,7,8,6,7,7,8,6.5,7,,8,7,7,6,7,7,7,6,7.2,7,6,repair,,6,6,7,6,6,,,7,,7,7,8,8,6,7,7,6,7,,,8,,,8,9,7,10,7,8.5,7,8,8,8,7,7,7,7,7,6,7,7,7,7,7,7,8,7,7,7,7,7,7,7,8,7,7,7,7,,5,5,5,5,5,7,5,5,5,5,5,5,3.5,5,5,5,5,5,5,5,5,5,5,5,5,5,5,5,5,5,5,5,5,5,5,5,sample,5,5,5,5,5,5,5,5,5,5,5,5,5,5,5,5,5,5,5,5,5,5,5,5,5
#/m3  factor,,revs,,135.7773252,169.7216565,156.6661444,38.42754486,29.09514111,20.36659878,20.36659878,40.73319756,12.93117383,,27.15546504,29.09514111,27.15546504,23.96070444,15.97380296,20.36659878,18.10364336,19.16856356,162.9327902,24.6867864,90.51821679,38.79352148,129.3117383,,162.9327902,135.7773252,162.9327902,232.7611289,111.5978015,92.57544899,153.7101795,91.53527541,,127.2912424,101.8329939,19.86985247,101.8329939,84.86082824,23.27611289,72.73785278,30.17273893,135.7773252,92.57544899,105.8005131,,,145.4757056,135.7773252,123.433932,145.4757056,113.147771,,,177.1008589,,18.5150898,22.01794462,22.01794462,81.46639511,20.36659878,29.09514111,110.0897231,185.150898,119.8035222,,,116.3805644,,,135.7773252,156.6661444,135.7773252,198.6985247,262.7948229,313.3322889,678.8866259,135.7773252,150.8636947,101.8329939,123.433932,246.867864,156.6661444,135.7773252,290.9514111,246.867864,220.1794462,290.9514111,271.5546504,185.150898,135.7773252,145.4757056,145.4757056,110.0897231,101.8329939,123.433932,145.4757056,40.73319756,30.17273893,35.42017179,27.15546504,42.87705006,25.45824847,29.09514111,131.3974115,,40.73319756,40.73319756,40.73319756,40.73319756,40.73319756,40.73319756,40.73319756,4.073319756,40.73319756,203.6659878,40.73319756,203.6659878,203.6659878,203.6659878,203.6659878,203.6659878,203.6659878,203.6659878,40.73319756,40.73319756,203.6659878,203.6659878,40.73319756,407.3319756,407.3319756,407.3319756,203.6659878,407.3319756,203.6659878,203.6659878,203.6659878,203.6659878,407.3319756,40.73319756,203.6659878,203.6659878,,203.6659878,203.6659878,203.6659878,203.6659878,203.6659878,407.3319756,407.3319756,203.6659878,203.6659878,407.3319756,407.3319756,203.6659878,203.6659878,203.6659878,203.6659878,407.3319756,40.73319756,40.73319756,203.6659878,203.6659878,203.6659878,40.73319756,40.73319756,40.73319756,40.73319756
#m3 sampled,,,,0.3675,0.294,0.3185,0.64925,0.343,0.49,0.49,0.245,0.77175,,0.3675,0.343,0.3675,0.4165,0.62475,0.49,0.55125,0.520625,0.30625,0.40425,0.55125,0.25725,0.385875,,0.30625,0.3675,0.30625,0.42875,0.447125,0.539,0.324625,0.545125,,0.392,0.49,0.50225,0.49,0.588,0.42875,0.686,0.33075,0.3675,0.539,0.471625,,,0.343,0.3675,0.40425,0.343,0.441,,,0.28175,,0.539,0.45325,0.45325,0.6125,0.49,0.343,0.45325,0.2695,0.4165,,,0.42875,,,0.3675,0.3185,0.3675,0.50225,0.37975,0.3185,0.147,0.3675,0.33075,0.49,0.40425,0.40425,0.3185,0.3675,0.343,0.40425,0.45325,0.343,0.18375,0.2695,0.3675,0.343,0.343,0.45325,0.49,0.40425,0.343,0.245,0.33075,0.28175,0.3675,0.23275,0.392,0.343,0.37975,,0.245,0.245,0.245,0.245,0.245,0.245,0.245,0.245,0.245,0.245,0.245,0.245,0.245,0.245,0.245,0.245,0.245,0.245,0.245,0.245,0.245,0.245,0.245,0.245,0.245,0.245,0.245,0.245,0.245,0.245,0.245,0.245,0.245,0.245,0.245,0.245,,0.245,0.245,0.245,0.245,0.245,0.245,0.245,0.245,0.245,0.245,0.245,0.245,0.245,0.245,0.245,0.245,0.245,0.245,0.245,0.245,0.245,0.245,0.245,0.245,0.245
,,,,,,,,,,,,,,,,,,,,,,,,,,,,,,,,,,,,,,,,,,,,,,,,,,,,,,,,,,,,,,,,,,,,,,,,,,,,,,,,,,,,,,,,,,,,,,,,,,,,,,,,,,,,,,,,,,,,,,,,,,,,,,,,,,,,,,,,,,,,,,,,,,,,,,,,,,,,,,,,,,,,,,,,,,
FOX  ISLAND  STATION,,,,,,,,,,,,,,,,,,,,,,,,,,,,,,,,,,,,,,,,,,,,,,,,,,,,,,,,,,,,,,,,,,,,,,,,,,,,,,,,,,,,,,,,,,,,,,,,,,,,,,,,,,,,,,,,,,,,,,,,,,,,,,,,,,,,,,,,,,,,,,,,,,,,,,,,,,,,,,,,,,,,,,,,,,
,,,#/M3,,,,,,,,,,,,,,,,,,,,,,,,,,,,,,,,,,,,,,,,,,,,,,,,,,,,,,,,,,,,,,,,,,,,,,,,,,,,,,,,,,,,,,,,,,,,,,,,,,,,,,,,,,,,,,,,,,,,,,,,,,,,,,,,,,,,,,,,,,,,,,,,,,,,,,,,,,,,,,,,,,,,,,,
Week,,,,1,2,3,4,5,6,7,8,9,10,11,12,13,14,15,16,17,18,19,20,21,22,23,24,25,26,27,28,29,30,31,32,33,34,35,36,37,38,39,40,41,42,43,44,45,46,47,48,49,50,51,52,53,54,55,56,57,58,59,60,61,62,63,64,65,66,67,68,69,70,71,72,73,74,75,76,77,78,79,80,81,82,83,84,85,86,87,88,89,90,91,92,93,94,95,96,97,98,99,100,101,102,103,104,105,,,,,,,,,,,,,,,,,,,,,,,,,,,,,,,,,,,,,,,,,,,,,,,,,,,,,,,,,,,,,,
Date,,,,10/24/01,10/31/01,11/07/01,11/14/01,11/20/01,11/28/01,12/05/01,12/12/01,12/19/01,12/26/01,01/02/02,01/09/02,01/16/02,01/23/02,01/30/02,02/06/02,02/13/02,02/20/02,02/27/02,03/06/02,03/13/02,03/20/02,03/26/02,04/03/02,04/10/02,04/17/02,04/24/02,05/01/02,05/08/02,05/16/02,05/22/02,05/29/02,06/05/02,06/12/02,06/19/02,06/26/02,07/01/02,07/10/02,07/17/02,07/24/02,07/31/02,08/07/02,08/14/02,08/19/02,08/28/02,09/04/02,09/11/02,09/18/02,09/25/02,10/02/02,10/09/02,10/16/02,10/23/02,10/30/02,11/06/02,11/13/02,11/20/02,11/25/02,12/04/02,12/11/02,12/18/02,12/30/02,01/08/03,01/15/03,01/22/03,01/29/03,02/05/03,02/12/03,02/19/03,02/26/03,03/05/03,03/12/03,03/19/03,03/26/03,04/02/03,04/09/03,04/16/03,04/23/03,04/30/03,05/07/03,05/14/03,05/21/03,05/28/03,06/04/03,06/11/03,06/18/03,06/25/03,07/02/03,07/09/03,07/16/03,07/23/03,07/30/03,08/06/03,08/13/03,08/20/03,08/27/03,09/03/03,09/10/03,09/17/03,09/24/03,10/01/03,10/08/03,10/16/03,10/22/03,10/29/03,,,,,,,,,,,,,,,,,,,,,,,,,,,,,,,,,,,,,,,,,,,,,,,,,,,,,,,,,,,,,,
,,,,,,,,,,,,,,,,,,,,,,,,,,,weather,,,,,,,,,weather,,,,,,,,,,,,repair,,,,,,,weather,weather,,weather,,,,,,,,,,weather,weather,,,weather,,,,,,,,,,,,,,,,,,,,,,,,,,,,,,,,,,,,weather,,,,,,,,,,,,,,,,,,,,,,,,,,,,,,,,,,,,,,,,,,,,,,,,,,,,,,,,,,,,,,
Copepod nauplii,,,,26748.13306,32756.2797,19113.26962,4726.588018,1891.184172,1364.562118,570.2647658,5987.780041,943.9756894,,1955.193483,1571.13762,597.4202308,3378.459327,3705.922287,21588.5947,6553.518896,10312.68719,23788.18737,18391.65587,10138.04028,64901.56144,103708.0141,,109164.9695,89205.70265,52790.22403,45853.94239,41402.78437,23329.01315,40886.90774,41740.08559,,9674.13442,2036.659878,337.7874919,3869.653768,7298.031229,675.0072738,1745.708467,331.9001282,3122.878479,7220.885021,1904.409236,,,16002.32761,35437.88187,62951.30531,10910.67792,5770.53632,,,12397.06013,,1073.875208,308.2512247,506.4127264,2118.126273,386.9653768,1745.708467,1981.615016,12590.26106,3953.516233,,,11056.15362,,,18329.9389,44649.85117,43856.07604,24439.91853,21811.9703,50133.16622,57026.47658,38017.65105,27909.78351,45112.01629,54804.6658,47892.36561,72693.09102,39918.5336,80884.49229,53076.59075,57246.65602,19784.69596,22539.03598,5554.526939,1493.550577,7710.212395,8292.115217,20146.41933,16293.27902,8887.243103,5237.1254,692.4643585,6849.211737,7827.857965,6055.668703,10376.24611,1094.704684,9397.730579,3810.524933,,1914.46,2647.66,1588.59,1140.53,4806.52,6272.91,1384.93,1091.65,5784.11,12627.29,2810.59,9775.97,7128.31,13645.62,15274.95,26476.58,20773.93,38492.87,30183.30,10305.50,52545.82,34826.88,6680.24,40325.87,24847.25,35437.88,46232.18,38289.21,84725.05,102647.66,65784.11,24847.25,20773.93,6069.25,2647.66,3054.99,0.00,7739.31,3869.65,23828.92,23014.26,33401.22,31771.89,41547.86,19551.93,37067.21,48065.17,51323.83,32586.56,25254.58,0.00,0.00,15885.95,6109.98,4643.58,4887.98,5498.98,3869.65,4887.98,10549.90,0.00,4236.25
Acartia  tonsa copepodites,,,,543.1093007,7976.917855,3916.653611,2497.790416,1454.757056,366.598778,183.299389,488.7983707,426.7287363,,923.2858113,640.0931045,543.1093007,551.0962022,479.2140889,325.8655804,271.5546504,19.16856356,162.9327902,197.4942912,0,775.8704296,0,,0,0,0,0,0,0,0,0,,0,2.036659878,39.73970493,305.4989817,763.7474542,9.310445156,2.909514111,0,0,0,0,,,4218.795461,1059.063136,4196.753688,4073.319756,226.295542,,,1771.008589,,35.17867062,50.64127264,132.1076677,1547.861507,183.299389,145.4757056,880.717785,185.150898,71.88211333,,,46.55222578,,,54.31093007,0,0,0,0,0,0,0,0,0,0,0,0,0,0,0,0,0,0,2592.112572,54.31093007,581.9028222,290.9514111,660.5383387,916.496945,864.0375239,581.9028222,162.9327902,241.3819114,70.84034358,54.31093007,257.2623004,50.91649695,58.19028222,13.13974115,,8.15,0.00,0.00,0.00,16.29,4.07,4.07,4.07,4.07,8.15,4.07,0.00,0.00,0.00,0.00,0.00,0.00,0.00,0.00,0.00,0.00,0.00,0.00,0.00,0.00,0.00,0.00,0.00,0.00,0.00,0.00,0.00,0.00,81.47,0.00,20.37,0.00,407.33,203.67,1425.66,651.73,4276.99,6517.31,1629.33,1832.99,611.00,977.60,814.66,1018.33,2647.66,0.00,0.00,0.00,162.93,0.00,16.29,611.00,122.20,81.47,81.47,0.00,4.07
A. tonsa females,,,,135.7773252,16.97216565,144.1328529,537.9856281,232.7611289,733.197556,101.8329939,529.5315682,310.3481719,,1059.063136,581.9028222,1819.416158,1725.17072,1182.061419,957.2301426,832.7675945,268.3598898,814.6639511,197.4942912,271.5546504,77.58704296,77.58704296,,0,0,0,0,0,0,0,0,,0,4.073319756,1.986985247,24.43991853,220.6381534,0,1.454757056,3.017273893,0,0,2.116010263,,,872.8542333,84.18194162,493.735728,349.1416933,0,,,354.2017179,,38.88168858,52.8430671,220.1794462,382.892057,124.2362525,197.8469596,440.3588925,851.6941307,119.8035222,,,11.63805644,,,54.31093007,0,54.31093007,0,262.7948229,0,0,0,0,20.36659878,24.6867864,0,0,0,0,0,0,0,0,925.7544899,54.31093007,29.09514111,29.09514111,2.201794462,0,123.433932,0,40.73319756,0,0,2.715546504,0,5.091649695,0,2.627948229,,0.00,40.73,0.00,0.00,4.07,24.44,122.20,0.00,4.07,203.67,4.07,0.00,0.00,0.00,4.07,0.00,0.00,0.00,0.00,0.00,0.00,0.00,0.00,0.00,0.00,0.00,0.00,0.00,0.00,0.00,0.00,0.00,0.00,0.00,4.07,4.07,0.00,122.20,81.47,0.00,40.73,4.07,162.93,244.40,0.00,4.07,81.47,24.44,203.67,32.59,0.00,0.00,407.33,81.47,20.37,8.15,122.20,611.00,203.67,122.20,0.00,16.29
A. tonsa males,,,,5.431093007,0,175.4660818,384.2754486,407.3319756,285.1323829,162.9327902,40.73319756,219.8299551,,244.3991853,290.9514111,244.3991853,287.5284533,351.4236652,305.4989817,325.8655804,115.0113813,162.9327902,24.6867864,18.10364336,0,0,,0,0,0,0,0,0,153.7101795,0,,0,0,0,2.036659878,33.9443313,0,1.454757056,3.017273893,0,0,6.348030788,,,1018.329939,271.5546504,987.4714559,2211.230724,22.6295542,,,354.2017179,,55.54526939,15.41256124,88.0717785,415.4786151,32.58655804,160.0232761,220.1794462,370.301796,23.96070444,,,11.63805644,,,0,0,0,0,0,0,0,0,0,0,0,0,0,0,0,0,0,0,162.9327902,1110.905388,135.7773252,0,29.09514111,2.201794462,0,123.433932,29.09514111,0,0,0,0,4.287705006,5.091649695,2.909514111,0,,0.00,0.00,0.00,0.00,4.07,0.00,0.00,0.00,0.00,4.07,4.07,4.07,0.00,0.00,0.00,0.00,0.00,0.00,0.00,0.00,0.00,0.00,0.00,0.00,0.00,0.00,0.00,0.00,0.00,0.00,0.00,0.00,0.00,0.00,0.00,0.00,0.00,0.00,40.73,0.00,0.00,4.07,16.29,81.47,0.00,4.07,8.15,4.07,81.47,20.37,0.00,0.00,407.33,20.37,16.29,12.22,122.20,12.22,81.47,40.73,0.00,8.15
Acartia hudsonica copepodites,,,,2036.659878,0,469.9984333,0,0,2.036659878,264.7657841,244.3991853,0,,108.6218601,116.3805644,190.0882553,982.3888822,718.8211333,549.898167,144.8291469,2606.924644,2606.924644,2271.184349,452.591084,9775.967413,11508.74471,,9287.169043,3801.765105,23625.25458,21414.02386,7588.650504,7128.309572,13526.49579,19222.40784,,891.0386965,0,9.934926233,4.073319756,0,0,0,0,0,0,0,,,727.3785278,0,0,0,0,,,0,,1.85150898,22.01794462,0,81.46639511,20.36659878,145.4757056,110.0897231,2406.961674,1389.720858,,,1105.615362,,,1059.063136,3446.655178,2308.214528,4371.367543,2627.948229,6893.310356,7467.752885,1629.327902,452.591084,610.9979633,8887.243103,17033.88261,5796.647345,10997.96334,9601.396567,5431.093007,7265.921726,2618.5627,3258.655804,555.4526939,0,0,0,0,0,0,0,0,0,0,0,0,0,290.9514111,262.7948229,,0.00,203.67,0.00,40.73,325.87,529.53,244.40,399.19,3503.05,2036.66,3014.26,11405.30,2647.66,1629.33,2443.99,1425.66,1018.33,3258.66,7617.11,1466.40,9979.63,7739.31,2851.32,10183.30,4073.32,8146.64,6720.98,11405.30,19348.27,12016.29,53564.15,7128.31,10590.63,1710.79,81.47,4.07,0.00,0.00,0.00,0.00,0.00,0.00,0.00,0.00,0.00,0.00,0.00,0.00,0.00,0.00,0.00,0.00,81.47,24.44,488.80,407.33,1629.33,570.26,1507.13,4480.65,0.00,1262.73
A. hudsonica females,,,,0,0,3.133322889,0,2.909514111,0,0,81.46639511,25.86234765,,54.31093007,58.19028222,81.46639511,575.0569067,223.6332415,448.0651731,253.451007,479.2140889,488.7983707,172.8075048,633.6275175,4694.016099,3181.068762,,1303.462322,760.353021,1466.395112,3258.655804,1316.854058,4073.319756,2305.652692,1281.493856,,432.790224,0,1.986985247,0,0,0,0,0,0,0,0,,,0,0,0,0,0,,,0,,0,2.201794462,0,0,6.109979633,17.45708467,198.1615016,444.3621552,359.4105667,,,232.7611289,,,407.3319756,469.9984333,377.460964,437.1367543,367.9127521,2819.9906,930.0746775,1439.239647,362.0728672,1120.162933,765.2903783,2419.305067,3415.321949,3095.723014,4364.271167,2715.546504,1761.43557,581.9028222,706.042091,111.0905388,27.15546504,0,0,0,0,0,0,0,0,0,0,0,0,0,0,,0.00,4.07,0.00,0.00,8.15,4.07,4.07,0.00,203.67,162.93,529.53,611.00,325.87,1832.99,814.66,40.73,611.00,773.93,570.26,244.40,611.00,814.66,183.30,1222.00,814.66,977.60,3258.66,2851.32,611.00,1629.33,3258.66,3054.99,977.60,325.87,0.00,0.00,0.00,0.00,0.00,0.00,0.00,0.00,0.00,0.00,0.00,0.00,0.00,0.00,0.00,0.00,0.00,0.00,0.00,0.00,4.07,203.67,40.73,81.47,122.20,1099.80,0.00,529.53
A. hudsonica males,,,,0,0,31.33322889,76.85508973,0,0,0,0,1.293117383,,10.86218601,58.19028222,54.31093007,167.7249311,159.7380296,448.0651731,72.41457343,402.5398347,162.9327902,197.4942912,452.591084,2405.198332,2068.987812,,1792.260692,1629.327902,1303.462322,6284.55048,1138.297576,3147.565266,2766.78323,3112.199364,,152.7494908,0,3.973970493,0,0,0,0,0,0,0,0,,,0,0,0,0,0,,,0,,0,0,0,8.146639511,0,17.45708467,176.143557,370.301796,263.5677489,,,186.2089031,,,325.8655804,783.3307222,271.5546504,715.3146888,315.3537875,1754.660818,1636.116768,1547.861507,362.0728672,1629.327902,839.3507375,2616.799358,3509.321636,3611.67685,12219.95927,987.4714559,1981.615016,232.7611289,325.8655804,0,0,0,0,0,0,0,0,0,0,0,0,0,0,2.909514111,0,,0.00,4.07,0.00,0.00,0.00,0.00,8.15,0.00,162.93,203.67,733.20,1018.33,285.13,1222.00,488.80,1018.33,407.33,611.00,325.87,162.93,1018.33,814.66,309.57,1303.46,162.93,1303.46,1222.00,2443.99,2851.32,1425.66,5295.32,1425.66,651.73,81.47,0.00,0.00,0.00,0.00,0.00,0.00,0.00,0.00,0.00,0.00,0.00,0.00,0.00,0.00,0.00,0.00,0.00,0.00,0.00,0.00,4.07,40.73,81.47,203.67,366.60,1059.06,0.00,285.13
Pseudocalanus copepodites,,,,0,0,0,0,0,0,20.36659878,0,0,,0,29.09514111,0,47.92140889,79.86901482,101.8329939,325.8655804,134.1799449,325.8655804,49.3735728,90.51821679,3336.242847,1293.117383,,1303.462322,1629.327902,325.8655804,0,111.5978015,92.57544899,614.8407178,0,,50.91649695,0,0,0,0,0,0,0,0,0,0,,,0,0,0,145.4757056,0,,,0,,0,0,0,0,0,0,0,0,0,,,34.91416933,,,108.6218601,313.3322889,407.3319756,198.6985247,262.7948229,626.6645778,543.1093007,135.7773252,150.8636947,20.36659878,123.433932,197.4942912,2349.992167,271.5546504,290.9514111,4690.489416,440.3588925,116.3805644,271.5546504,0,0,0,0,0,0,0,0,0,0,0,0,0,0,0,0,,0.00,0.00,0.00,0.00,0.00,0.00,0.00,0.00,16.29,8.15,0.00,40.73,4.07,40.73,162.93,81.47,28.51,203.67,244.40,122.20,40.73,407.33,40.73,2036.66,40.73,407.33,203.67,407.33,203.67,203.67,1222.00,0.00,325.87,40.73,40.73,0.00,0.00,0.00,0.00,0.00,0.00,0.00,0.00,0.00,0.00,0.00,0.00,0.00,0.00,0.00,0.00,0.00,0.00,0.00,0.00,0.00,8.15,0.00,0.00,162.93,0.00,244.40
Pseudocalanus females,,,,0,0,0,0,0,0,0,0,0,,0,0,0,0,1.597380296,20.36659878,72.41457343,134.1799449,162.9327902,49.3735728,18.10364336,659.4898652,129.3117383,,32.58655804,678.8866259,325.8655804,13.96566773,66.95868091,92.57544899,0,91.53527541,,25.45824847,0,1.986985247,4.073319756,33.9443313,0,0,0,0,0,0,,,0,0,0,0,0,,,0,,0,0,0,0,0,0,0,0,0,,,11.63805644,,,2.715546504,62.66645778,21.72437203,39.73970493,0,62.66645778,271.5546504,54.31093007,30.17273893,0,123.433932,49.3735728,469.9984333,190.0882553,2.909514111,4.93735728,220.1794462,0,54.31093007,0,0,0,0,0,0,0,0,0,0,0,0,0,0,0,0,,0.00,0.00,0.00,0.00,0.00,0.00,4.07,0.00,4.07,4.07,16.29,16.29,0.00,40.73,16.29,8.15,24.44,0.00,4.07,0.00,40.73,20.37,40.73,12.22,40.73,0.00,4.07,4.07,40.73,81.47,81.47,0.00,81.47,0.00,0.00,4.07,0.00,0.00,0.00,0.00,0.00,0.00,0.00,0.00,0.00,0.00,0.00,0.00,0.00,0.00,0.00,0.00,0.00,0.00,0.00,0.00,0.00,4.07,0.00,12.22,0.00,89.61
Pseudocalanus males,,,,0,0,0,0,0,0,0,0,0,,0,0,0,47.92140889,0,0,0,57.50569067,0,14.81207184,0,0,0,,0,0,162.9327902,0,0,92.57544899,0,0,,0,0,0,0,0,0,0,0,0,0,0,,,0,0,0,0,0,,,0,,0,0,0,0,0,0,0,0,0,,,0,,,0,31.33322889,5.431093007,0,0,62.66645778,0,0,0,0,0,0,93.99968667,0,0,0,0,0,0,0,0,0,0,0,0,0,0,0,0,0,0,0,0,0,0,,0.00,0.00,0.00,0.00,0.00,0.00,0.00,0.00,0.00,0.00,0.00,0.00,0.00,0.00,0.00,40.73,0.00,0.00,0.00,0.00,0.00,0.00,0.00,0.00,0.00,0.00,0.00,0.00,0.00,0.00,0.00,0.00,0.00,0.00,0.00,0.00,0.00,0.00,0.00,0.00,0.00,0.00,0.00,0.00,0.00,0.00,0.00,0.00,0.00,0.00,0.00,0.00,0.00,0.00,0.00,0.00,0.00,0.00,0.00,0.00,0.00,0.00
Para/Microcalanus,,,,678.8866259,509.1649695,939.9968667,345.8479038,87.28542333,0,40.73319756,81.46639511,12.93117383,,27.15546504,0,0,71.88211333,0,0,0,19.16856356,0,123.433932,90.51821679,1318.97973,0,,651.7311609,407.3319756,162.9327902,698.2833867,111.5978015,277.726347,0,0,,0,0,0,0,0,2.327611289,0,0,0,92.57544899,0,,,7128.309572,2715.546504,3085.8483,2764.038406,565.7388549,,,531.3025768,,0,0,22.01794462,0,0,0,0,185.150898,0,,,11.63805644,,,54.31093007,626.6645778,0,0,0,0,0,0,150.8636947,0,0,0,344.6655178,0,0,0,0,0,271.5546504,0,0,0,2.909514111,110.0897231,203.6659878,370.301796,349.1416933,48.87983707,724.1457343,637.5630922,325.8655804,428.7705006,0,610.9979633,473.0306813,,81.47,162.93,85.54,4.07,0.00,0.00,40.73,4.07,40.73,407.33,0.00,0.00,407.33,0.00,203.67,0.00,203.67,81.47,285.13,81.47,407.33,1018.33,162.93,407.33,40.73,1222.00,203.67,407.33,1222.00,611.00,1222.00,0.00,162.93,40.73,244.40,0.00,0.00,0.00,0.00,1425.66,325.87,3462.32,407.33,0.00,0.00,814.66,1222.00,1222.00,2036.66,285.13,0.00,0.00,814.66,0.00,0.00,40.73,407.33,203.67,0.00,40.73,0.00,0.00
Oithona ,,,,1520.706042,1188.051595,657.9978067,845.405987,174.5708467,529.5315682,285.1323829,936.8635438,245.6923027,,81.46639511,174.5708467,27.15546504,1413.681562,399.3450741,1018.329939,0,191.6856356,5213.849287,1135.592174,1086.218601,1396.566773,3362.105195,,7006.10998,5702.647658,6680.244399,5120.744836,1339.173618,1481.207184,1537.101795,2379.917161,,3309.572301,712.8309572,39.73970493,203.6659878,0,0,0,0,543.1093007,0,105.8005131,,,145.4757056,678.8866259,740.6035919,436.4271167,339.443313,,,1593.90773,,0,4.403588925,44.03588925,733.197556,4.073319756,29.09514111,550.4486156,370.301796,215.64634,,,34.91416933,,,54.31093007,313.3322889,950.4412763,198.6985247,262.7948229,313.3322889,271.5546504,814.6639511,331.9001282,20.36659878,765.2903783,592.4828735,2819.9906,380.1765105,3491.416933,4196.753688,484.3947817,290.9514111,1086.218601,370.301796,54.31093007,0,174.5708467,110.0897231,712.8309572,864.0375239,436.4271167,81.46639511,120.6909557,212.5210307,190.0882553,857.5410012,56.00814664,698.2833867,210.2358584,,244.40,264.77,89.61,73.32,171.08,244.40,366.60,236.25,244.40,611.00,244.40,0.00,203.67,0.00,0.00,203.67,407.33,407.33,122.20,207.74,203.67,203.67,40.73,0.00,448.07,1222.00,203.67,1466.40,1303.46,1018.33,2036.66,203.67,1710.79,1914.46,814.66,407.33,0.00,611.00,0.00,122.20,244.40,1222.00,162.93,407.33,203.67,1222.00,2036.66,2036.66,1018.33,203.67,0.00,0.00,0.00,36.66,203.67,89.61,615.07,244.40,97.76,40.73,0.00,122.20
Centropages copepodites,,,,0,0,0,0,0,0,0,0,0,,2.715546504,0,0,23.96070444,0,40.73319756,72.41457343,0,65.17311609,0,0,232.7611289,129.3117383,,0,0,325.8655804,232.7611289,0,277.726347,153.7101795,0,,0,0,0,0,0,0,0,0,0,0,0,,,29.09514111,5.431093007,0,0,0,,,0,,92.57544899,0,22.01794462,0,0,29.09514111,0,370.301796,0,,,0,,,0,0,108.6218601,0,0,0,0,0,754.3184733,101.8329939,493.735728,1234.33932,1096.663011,135.7773252,0,0,440.3588925,0,0,0,27.15546504,0,0,0,0,0,0,0,0,0,0,0,25.45824847,0,0,,0.00,0.00,0.00,4.07,40.73,122.20,122.20,0.00,20.37,81.47,44.81,0.00,4.07,0.00,0.00,40.73,40.73,203.67,0.00,4.07,0.00,0.00,0.00,8.15,0.00,0.00,203.67,81.47,0.00,0.00,40.73,0.00,0.00,162.93,0.00,0.00,0.00,0.00,0.00,0.00,0.00,0.00,0.00,0.00,0.00,0.00,0.00,0.00,0.00,0.00,0.00,0.00,0.00,0.00,0.00,0.00,0.00,0.00,0.00,40.73,0.00,4.07
Centropages females,,,,0,0,3.133322889,0,0,0,2.036659878,0,0,,2.715546504,0,0,47.92140889,3.194760593,20.36659878,54.31093007,38.33712711,162.9327902,49.3735728,54.31093007,38.79352148,129.3117383,,65.17311609,135.7773252,195.5193483,232.7611289,22.3195603,0,0,91.53527541,,25.45824847,0,1.986985247,0,0,0,0,0,0,0,0,,,58.19028222,0,2.46867864,0,0,,,0,,0,0,0,0,0,2.909514111,2.201794462,37.0301796,0,,,11.63805644,,,16.29327902,156.6661444,27.15546504,39.73970493,0,6.266645778,0,5.431093007,150.8636947,0,49.3735728,49.3735728,187.9993733,27.15546504,2.909514111,49.3735728,0,0,0,0,2.715546504,0,0,0,0,0,0,0,0,0,0,0,0,0,0,,0.00,0.00,0.00,0.00,0.00,0.00,0.00,0.00,0.00,0.00,0.00,0.00,8.15,4.07,203.67,4.07,81.47,4.07,0.00,0.00,20.37,0.00,4.07,0.00,0.00,81.47,8.15,16.29,40.73,0.00,407.33,0.00,0.00,4.07,0.00,0.00,0.00,0.00,0.00,0.00,0.00,4.07,0.00,0.00,0.00,0.00,0.00,0.00,0.00,0.00,0.00,0.00,0.00,4.07,0.00,0.00,4.07,0.00,8.15,8.15,0.00,4.07
Centropages males,,,,0,0,0,0,0,0,0,0,0,,2.715546504,0,0,0,0,0,0,0,0,0,1.810364336,38.79352148,0,,0,108.6218601,97.75967413,232.7611289,44.63912061,277.726347,0,0,,0,0,0,0,0,0,0,0,0,0,0,,,58.19028222,27.15546504,0,0,0,,,0,,0,0,0,0,0,0,0,3.70301796,2.396070444,,,34.91416933,,,27.15546504,156.6661444,27.15546504,79.47940987,0,0,0,0,30.17273893,0,0,49.3735728,93.99968667,0,0,0,44.03588925,0,0,0,0,0,0,0,0,0,0,0,0,0,0,0,0,0,0,,0.00,0.00,0.00,0.00,0.00,0.00,0.00,0.00,0.00,0.00,0.00,0.00,0.00,0.00,0.00,0.00,0.00,0.00,0.00,0.00,0.00,0.00,0.00,0.00,0.00,0.00,4.07,81.47,81.47,81.47,203.67,0.00,0.00,0.00,0.00,4.07,0.00,0.00,0.00,0.00,0.00,0.00,0.00,0.00,0.00,0.00,0.00,0.00,0.00,0.00,0.00,0.00,0.00,0.00,0.00,0.00,4.07,0.00,4.07,0.00,0.00,12.22
Temora copepodites,,,,0,0,0,0,0,0,0,0,0,,0,0,0,0,15.97380296,20.36659878,54.31093007,0,162.9327902,0,90.51821679,232.7611289,0,,488.7983707,135.7773252,0,232.7611289,0,18.5150898,0,549.2116524,,127.2912424,0,0,0,0,0,0,0,0,0,0,,,0,0,0,0,0,,,0,,0,0,0,0,0,0,6.605383387,37.0301796,23.96070444,,,0,,,271.5546504,313.3322889,678.8866259,794.7940987,367.9127521,313.3322889,678.8866259,0,150.8636947,407.3319756,3085.8483,1974.942912,1879.993733,543.1093007,581.9028222,1234.33932,440.3588925,290.9514111,2172.437203,370.301796,0,0,145.4757056,0,0,0,0,0,0,0,0,0,0,0,0,,0.00,0.00,0.00,0.00,0.00,0.00,0.00,0.00,0.00,0.00,81.47,12.22,40.73,28.51,40.73,122.20,203.67,40.73,40.73,4.07,0.00,0.00,40.73,0.00,407.33,407.33,611.00,1629.33,611.00,814.66,2036.66,814.66,162.93,162.93,203.67,8.15,0.00,0.00,0.00,0.00,0.00,0.00,0.00,0.00,0.00,0.00,0.00,0.00,0.00,0.00,0.00,0.00,0.00,0.00,0.00,0.00,0.00,8.15,0.00,4.07,0.00,162.93
Temora females,,,,0,0,0,0,0,0,0,0,0,,0,0,0,0,6.389521185,40.73319756,36.20728672,0,0,24.6867864,1.810364336,38.79352148,206.8987812,,162.9327902,0,0,4.655222578,0,18.5150898,0,0,,25.45824847,0,0,0,0,0,0,0,0,0,0,,,0,0,0,0,0,,,0,,0,0,0,0,0,0,0,3.70301796,0,,,0,,,135.7773252,93.99968667,54.31093007,39.73970493,105.1179292,563.99812,135.7773252,135.7773252,301.7273893,101.8329939,0,98.74714559,438.6652044,135.7773252,0,0,2.201794462,0,162.9327902,0,0,0,2.909514111,0,0,0,0,0,0,0,0,0,0,0,0,,0.00,0.00,0.00,0.00,0.00,0.00,0.00,0.00,0.00,0.00,40.73,0.00,0.00,8.15,40.73,40.73,20.37,16.29,40.73,4.07,203.67,203.67,4.07,0.00,0.00,0.00,0.00,12.22,407.33,81.47,0.00,0.00,81.47,0.00,0.00,0.00,0.00,0.00,0.00,0.00,0.00,0.00,0.00,0.00,0.00,0.00,0.00,0.00,0.00,0.00,0.00,0.00,0.00,0.00,0.00,0.00,0.00,0.00,0.00,0.00,0.00,4.07
Temora males,,,,0,0,0,0,0,0,0,0,12.93117383,,0,0,0,23.96070444,0,0,36.20728672,38.33712711,32.58655804,24.6867864,1.810364336,155.1740859,77.58704296,,65.17311609,135.7773252,32.58655804,0,22.3195603,185.150898,0,183.0705508,,0,0,0,0,0,0,0,0,0,0,0,,,0,0,0,0,0,,,0,,0,0,0,0,0,0,0,14.81207184,0,,,0,,,162.9327902,250.6658311,190.0882553,516.6161641,473.0306813,375.9987467,678.8866259,0,181.0364336,20.36659878,24.6867864,740.6035919,501.3316622,0,116.3805644,0,0,58.19028222,0,0,0,0,5.819028222,0,0,0,0,0,0,0,0,0,0,0,0,,0.00,0.00,0.00,0.00,0.00,0.00,0.00,0.00,0.00,0.00,8.15,4.07,0.00,0.00,40.73,81.47,12.22,203.67,40.73,4.07,40.73,611.00,0.00,0.00,0.00,0.00,8.15,8.15,1222.00,203.67,0.00,0.00,0.00,4.07,0.00,40.73,0.00,0.00,0.00,0.00,0.00,0.00,0.00,0.00,0.00,0.00,0.00,0.00,0.00,0.00,0.00,0.00,0.00,0.00,0.00,0.00,0.00,0.00,0.00,0.00,0.00,0.00
Eurytemora females,,,,0,0,0,0,0,0,0,0,0,,0,0,0,0,0,0,0,0,0,0,0,0,0,,0,0,0,0,0,0,0,0,,0,0,0,0,0,0,0,0,0,0,0,,,0,0,0,0,0,,,0,,0,0,0,0,0,0,0,0,0,,,0,,,0,0,2.715546504,0,0,62.66645778,0,0,0,0,0,0,31.33322889,27.15546504,0,0,220.1794462,0,54.31093007,37.0301796,0,0,2.909514111,0,0,0,0,0,0,0,0,0,0,0,0,,0.00,0.00,0.00,0.00,0.00,0.00,0.00,0.00,0.00,0.00,0.00,0.00,0.00,0.00,0.00,0.00,0.00,0.00,0.00,0.00,0.00,0.00,0.00,0.00,0.00,0.00,0.00,0.00,0.00,0.00,0.00,0.00,0.00,0.00,0.00,0.00,0.00,0.00,0.00,0.00,0.00,0.00,0.00,0.00,0.00,0.00,0.00,0.00,0.00,0.00,0.00,0.00,0.00,0.00,0.00,0.00,0.00,0.00,0.00,0.00,0.00,0.00
Eurytemora males,,,,0,0,0,0,0,0,0,0,0,,0,0,0,0,0,0,0,0,0,0,0,0,0,,0,0,0,4.655222578,0,0,0,91.53527541,,0,0,0,0,0,0,0,0,0,0,0,,,0,0,0,0,0,,,0,,0,0,0,0,0,0,0,0,0,,,0,,,0,93.99968667,2.715546504,0,0,0,0,0,0,0,0,9.874714559,0,135.7773252,58.19028222,0,308.2512247,0,54.31093007,74.06035919,0,0,0,0,0,0,0,0,0,0,0,0,0,0,0,,0.00,0.00,0.00,0.00,0.00,0.00,0.00,0.00,0.00,0.00,0.00,0.00,0.00,0.00,0.00,0.00,0.00,0.00,0.00,0.00,0.00,0.00,0.00,0.00,0.00,0.00,0.00,0.00,0.00,0.00,0.00,0.00,0.00,0.00,0.00,0.00,0.00,0.00,0.00,0.00,0.00,0.00,0.00,0.00,0.00,0.00,0.00,0.00,0.00,0.00,0.00,0.00,0.00,0.00,0.00,0.00,0.00,0.00,0.00,0.00,0.00,0.00
Unidentified copepodites,,,,543.1093007,0,1409.9953,0,0,264.7657841,0,0,0,,0,0,0,0,0,712.8309572,0,0,1629.327902,0,362.0728672,0,0,,4887.983707,10726.40869,0,8844.922898,223.195603,6572.856878,614.8407178,91.53527541,,0,101.8329939,0,0,0,0,145.4757056,0,0,92.57544899,211.6010263,,,2909.514111,5702.647658,0,1454.757056,135.7773252,,,0,,74.06035919,22.01794462,198.1615016,0,20.36659878,174.5708467,660.5383387,0,431.29268,,,116.3805644,,,0,783.3307222,271.5546504,397.3970493,788.3844688,1879.993733,1357.773252,407.3319756,150.8636947,1629.327902,1110.905388,3209.282232,469.9984333,407.3319756,13674.71632,1974.942912,3522.87114,232.7611289,2172.437203,1666.358082,0,0,0,330.2691694,305.4989817,0,0,8.146639511,0,566.7227486,0,0,0,29.09514111,131.3974115,,122.20,203.67,325.87,44.81,6.11,122.20,0.00,57.03,366.60,122.20,0.00,0.00,448.07,40.73,0.00,0.00,0.00,0.00,40.73,40.73,0.00,0.00,0.00,162.93,0.00,407.33,0.00,0.00,203.67,448.07,0.00,1018.33,814.66,407.33,0.00,0.00,0.00,0.00,1629.33,203.67,203.67,40.73,0.00,4480.65,0.00,0.00,2443.99,4887.98,1832.99,3462.32,0.00,0.00,8146.64,5498.98,1710.79,407.33,1629.33,0.00,1344.20,244.40,0.00,40.73
Calanus,,,,0,0,0,0,0,0,2.036659878,0,0,,0,0,0,0,0,0,0,0,0,0,0,0,0,,0,0,0,0,0,0,0,0,,0,0,0,0,0,0,1.454757056,0,0,0,0,,,0,0,0,0,0,,,0,,0,0,0,0,0,0,0,0,0,,,0,,,2.715546504,0,0,0,0,0,0,0,0,0,0,0,0,5.431093007,0,0,2.201794462,0,0,3.70301796,0,0,0,0,0,0,0,0,0,0,0,0,0,0,0,,0.00,0.00,0.00,0.00,0.00,0.00,4.07,0.00,0.00,0.00,40.73,0.00,0.00,0.00,0.00,0.00,0.00,0.00,0.00,0.00,0.00,0.00,0.00,0.00,0.00,0.00,0.00,0.00,0.00,0.00,40.73,0.00,0.00,0.00,0.00,0.00,0.00,0.00,0.00,0.00,0.00,0.00,0.00,0.00,0.00,0.00,0.00,0.00,0.00,0.00,0.00,0.00,0.00,0.00,0.00,0.00,0.00,0.00,0.00,0.00,0.00,0.00
Tortanus  ,,,,0,16.97216565,0,0,0,0,0,0,0,,0,0,0,0,0,0,0,1.916856356,3.258655804,0,0,0,0,,32.58655804,271.5546504,32.58655804,232.7611289,44.63912061,285.1323829,307.4203589,201.3776059,,101.8329939,0,1.986985247,0,0,0,0,0,0,0,0,,,0,0,0,0,0,,,0,,0,0,0,0,0,0,0,0,0,,,0,,,27.15546504,12.53329156,0,238.4382296,0,0,0,5.431093007,3.017273893,203.6659878,49.3735728,14.81207184,31.33322889,27.15546504,290.9514111,0,22.01794462,58.19028222,54.31093007,0,0,0,0,0,0,0,0,0,0,0,0,0,0,0,0,,0.00,4.07,0.00,0.00,0.00,0.00,40.73,0.00,0.00,0.00,0.00,0.00,0.00,0.00,0.00,0.00,0.00,0.00,0.00,0.00,0.00,0.00,0.00,0.00,0.00,4.07,0.00,4.07,0.00,0.00,40.73,0.00,407.33,0.00,0.00,0.00,0.00,0.00,0.00,0.00,0.00,0.00,0.00,0.00,0.00,0.00,0.00,0.00,0.00,0.00,0.00,0.00,0.00,0.00,0.00,0.00,0.00,0.00,0.00,0.00,0.00,0.00
Harpactacoids,,,,4073.319756,5600.814664,7363.308789,3266.341313,3258.655804,2505.09165,875.7637475,4114.052953,1034.493906,,570.2647658,116.3805644,217.2437203,575.0569067,303.5022563,203.6659878,271.5546504,0,651.7311609,394.9885824,181.0364336,271.5546504,517.2469531,,651.7311609,543.1093007,162.9327902,465.5222578,111.5978015,462.877245,461.1305384,366.1411016,,381.8737271,101.8329939,99.34926233,203.6659878,169.7216565,46.55222578,290.9514111,0,407.3319756,92.57544899,0,,,872.8542333,271.5546504,493.735728,290.9514111,339.443313,,,885.5042947,,166.6358082,154.1256124,572.4665602,1466.395112,81.46639511,116.3805644,132.1076677,925.7544899,23.96070444,,,23.27611289,,,135.7773252,313.3322889,0,198.6985247,0,313.3322889,678.8866259,407.3319756,452.591084,203.6659878,444.3621552,987.4714559,626.6645778,543.1093007,290.9514111,246.867864,220.1794462,58.19028222,2715.546504,370.301796,814.6639511,349.1416933,727.3785278,220.1794462,407.3319756,617.1696599,581.9028222,325.8655804,0,0,81.46639511,857.5410012,127.2912424,203.6659878,157.6768938,,0.00,1344.20,4.07,8.15,4.07,4.07,1751.53,0.00,0.00,0.00,0.00,0.00,0.00,0.00,0.00,0.00,0.00,81.47,0.00,203.67,611.00,0.00,285.13,0.00,407.33,1222.00,611.00,0.00,407.33,203.67,814.66,0.00,407.33,40.73,203.67,12.22,0.00,40.73,4.07,0.00,40.73,40.73,407.33,0.00,0.00,407.33,407.33,0.00,0.00,203.67,0.00,0.00,0.00,81.47,40.73,0.00,40.73,0.00,0.00,81.47,0.00,40.73
TOTAL COPEPODITES,,,,3122.878479,7976.917855,5796.647345,2497.790416,1454.757056,633.401222,468.4317719,733.197556,426.7287363,,1034.623218,785.56881,733.197556,1605.367198,1293.87804,1751.527495,868.9748812,2760.273152,4953.156823,2518.052213,995.7003847,14353.60295,12931.17383,,15967.41344,16293.27902,24276.98574,30724.46901,7923.443908,14089.98334,14909.88741,19863.15476,,1069.246436,103.8696538,49.67463117,309.5723014,763.7474542,9.310445156,148.3852197,0,0,92.57544899,211.6010263,,,7884.783241,6767.141887,4196.753688,5673.552517,362.0728672,,,1771.008589,,203.6659878,94.67716189,352.287114,1629.327902,224.0325866,494.6173989,1657.95123,2999.444547,1916.856356,,,1303.462322,,,1493.550577,4856.650478,3774.60964,5762.257215,4047.040273,9713.300956,10047.52206,2172.437203,1659.500641,2769.857434,13701.16645,23649.94137,11593.29469,12355.73659,24148.96712,13330.86465,12109.86954,3258.655804,7875.084861,5184.225143,81.46639511,581.9028222,436.4271167,990.8075081,1221.995927,864.0375239,581.9028222,171.0794297,241.3819114,637.5630922,54.31093007,257.2623004,76.37474542,378.2368344,407.3319756,,130.35,407.33,325.87,89.61,389.00,778.00,370.67,460.29,3910.39,2256.62,3144.60,11458.25,3144.60,1739.31,2647.66,1670.06,1291.24,3706.72,7942.97,1637.47,10020.37,8146.64,2932.79,12391.04,4521.38,9368.64,7739.31,13523.42,20366.60,13482.69,56863.54,8961.30,11894.09,2566.19,325.87,32.59,0.00,407.33,1832.99,1629.33,855.40,4317.72,6517.31,6109.98,1832.99,611.00,3421.59,5702.65,2851.32,6109.98,0.00,0.00,8228.11,5686.35,2199.59,830.96,3877.80,700.61,2932.79,5014.26,0.00,1718.94
TOTAL ADULTS,,,,6414.120842,7331.97556,9318.502272,5456.711371,4163.514693,4052.953157,1470.468432,5784.114053,1863.382149,,2052.953157,1280.186209,2443.991853,4935.905116,2630.885348,3462.321792,1955.193483,1746.25614,7856.619145,2409.430352,2811.495814,11094.94714,9750.105066,,11763.74745,10373.38764,10623.21792,16549.31626,4218.396898,10394.37141,7531.798793,7798.805465,,4455.193483,818.7372709,152.997864,437.8818737,458.2484725,48.87983707,295.3156823,6.034547786,950.4412763,185.150898,114.2645542,,,10154.20425,4048.879837,5803.863482,6051.789351,1267.255035,,,3719.118038,,261.0627662,228.9866241,946.7716189,3006.10998,248.4725051,541.1696247,1719.601475,3577.115349,1008.745657,,,570.2647658,,,1406.653089,3365.188783,1985.064494,2503.601411,1787.004796,6335.578881,4602.851324,4410.047522,2356.49091,3319.755601,3085.8483,7628.216997,12564.62478,8179.226069,20837.94006,8200.950441,5266.692354,1280.186209,5648.336728,3003.147565,1088.934148,378.2368344,974.6872272,444.7624814,1323.828921,2098.376844,1396.566773,496.9450102,844.8366901,850.0841229,600.1357773,2148.140208,193.4826884,1518.766366,843.5713816,,325.87,1824.85,179.23,85.54,191.45,276.99,2342.16,240.33,659.88,1596.74,1621.18,1653.77,1230.14,3107.94,1812.63,1437.88,1767.82,2179.23,1389.00,908.35,3156.82,3686.35,1030.55,2945.01,1914.46,6032.59,5523.42,7295.32,8187.37,5336.05,13401.22,4684.32,4480.65,2411.41,1266.80,472.51,0.00,773.93,126.27,1547.86,651.73,4737.27,1156.82,733.20,203.67,2452.14,3755.60,3287.17,3340.12,745.42,0.00,0.00,1629.33,224.03,289.21,395.11,1437.88,1360.49,883.91,2505.09,0.00,1112.02
TOTAL COPEPODS ALL STAGES,,,,36285.13238,48065.17312,34228.41924,12681.08981,7509.455921,6050.916497,2509.164969,12505.09165,3234.086574,,5042.769857,3636.892639,3774.60964,9919.73164,7630.685675,26802.44399,9377.68726,14819.21648,36597.96334,23319.13843,13945.23648,90350.11153,126389.293,,136896.1303,115872.3693,87690.4277,93127.72767,53544.62517,47813.36789,63328.59394,69402.04581,,15198.57434,2959.266802,540.4599871,4617.107943,8520.027155,733.197556,2189.409369,337.934676,4073.319756,7498.611368,2230.274817,,,34041.3151,46253.9036,72951.92248,22636.01978,7399.864223,,,17887.18675,,1538.603962,631.9150107,1805.471459,6753.564155,859.4704684,2781.49549,5359.167722,19166.82096,6879.118246,,,12929.88071,,,21230.14257,52871.69043,49615.75017,32705.77716,27646.01537,66182.04606,71676.84997,44600.13578,31925.77506,51201.62933,71591.68055,79170.52398,96851.0105,60453.49627,125871.3995,74608.40585,74623.21792,24323.53797,36062.45757,13741.89965,2663.95112,8670.352051,9703.229561,21581.98932,18839.10387,11849.65747,7215.594996,1360.488798,7935.430339,9315.50518,6710.115411,12781.64862,1364.562118,11294.73378,5061.42829,,2370.67,4879.84,2093.69,1315.68,5386.97,7327.90,4097.76,1792.26,10354.38,16480.65,7576.37,22887.98,11503.05,18492.87,19735.23,29584.52,23832.99,44378.82,39515.27,12851.32,65723.01,46659.88,10643.58,55661.91,31283.10,50839.10,59494.91,59107.94,113279.02,121466.40,136048.88,38492.87,37148.68,11046.84,4240.33,3560.08,0.00,8920.57,5828.92,27006.11,24521.38,42456.21,39446.03,48391.04,21588.59,40130.35,55242.36,60313.65,38778.00,32109.98,0.00,0.00,25743.38,12020.37,7132.38,6114.05,10814.66,5930.75,8704.68,18069.25,0.00,7067.21
,,,,,,,,,,,,,,,,,,,,,,,,,,,,,,,,,,,,,,,,,,,,,,,,,,,,,,,,,,,,,,,,,,,,,,,,,,,,,,,,,,,,,,,,,,,,,,,,,,,,,,,,,,,,,,,,,,,,,,,,,,,,,,,,,,,,,,,,,,,,,,,,,,,,,,,,,,,,,,,,,,,,,,,,,,
Polychaetes,,,,2443.991853,2545.824847,939.9968667,1268.108981,698.2833867,142.5661914,40.73319756,325.8655804,64.65586914,,162.9327902,203.6659878,108.6218601,239.6070444,127.7904237,203.6659878,144.8291469,460.0455253,488.7983707,49.3735728,0,1163.805644,51.72469531,,1140.529532,1086.218601,488.7983707,0,111.5978015,92.57544899,153.7101795,366.1411016,,2673.11609,1527.494908,576.2257215,712.8309572,1357.773252,279.3133547,1091.067792,603.4547786,814.6639511,277.726347,105.8005131,,,1309.28135,1629.327902,2221.810776,2327.611289,1697.216565,,,8500.841229,,907.2394001,550.4486156,198.1615016,2769.857434,142.5661914,290.9514111,110.0897231,925.7544899,1198.035222,,,698.2833867,,,407.3319756,1879.993733,678.8866259,596.095574,0,939.9968667,1357.773252,1086.218601,603.4547786,814.6639511,9010.677035,7652.903783,6423.311922,1629.327902,2036.659878,1234.33932,660.5383387,2618.5627,9504.412763,8887.243103,6109.979633,10328.77509,2182.135583,2421.973909,2851.323829,1481.207184,872.8542333,488.7983707,1689.67338,425.0420615,325.8655804,814.6639511,305.4989817,261.85627,919.7818803,,488.80,325.87,203.67,407.33,488.80,1507.13,325.87,134.42,570.26,2443.99,32.59,122.20,814.66,122.20,611.00,0.00,40.73,407.33,936.86,244.40,3054.99,3462.32,1018.33,3665.99,2036.66,3665.99,7739.31,3665.99,3869.65,611.00,407.33,814.66,3258.66,1995.93,16700.61,10794.30,0.00,3462.32,2851.32,2443.99,203.67,3054.99,3665.99,5702.65,2647.66,6517.31,7331.98,6517.31,4073.32,3258.66,0.00,0.00,4073.32,1303.46,1466.40,611.00,1018.33,611.00,81.47,896.13,0.00,122.20
Rotifers,,,,814.6639511,339.443313,313.3322889,115.2826346,116.3805644,40.73319756,61.09979633,896.1303462,38.79352148,,54.31093007,87.28542333,0,0,31.94760593,0,0,153.3485084,1629.327902,123.433932,90.51821679,775.8704296,0,,325.8655804,1493.550577,325.8655804,0,0,0,0,0,,0,305.4989817,19.86985247,0,4497.623897,232.7611289,509.1649695,422.418345,135.7773252,1296.056286,1481.207184,,,0,0,617.1696599,0,113.147771,,,4427.521473,,703.5734123,44.03588925,22.01794462,0,40.73319756,145.4757056,1541.256124,2592.112572,3713.909189,,,7797.497818,,,5023.761032,10339.96553,3122.878479,6755.749839,1576.768938,3759.987467,0,543.1093007,754.3184733,2138.492872,19872.86305,26414.86145,0,271.5546504,581.9028222,0,440.3588925,872.8542333,271.5546504,925.7544899,4344.874406,98778.00407,20803.02589,2532.063632,712.8309572,987.4714559,6982.833867,81.46639511,16383.79724,7863.278137,896.1303462,4244.827956,0,581.9028222,262.7948229,,1995.93,1344.20,692.46,162.93,977.60,1262.73,407.33,130.35,162.93,2443.99,285.13,1222.00,3665.99,3869.65,8553.97,13238.29,8961.30,21588.59,10509.16,896.13,12627.29,8553.97,2606.92,6109.98,24032.59,14256.62,11812.63,1629.33,611.00,0.00,0.00,0.00,814.66,81.47,1222.00,814.66,0.00,2036.66,12830.96,19348.27,35437.88,6517.31,160896.13,6924.64,18329.94,26680.24,40733.20,1222.00,5702.65,1425.66,0.00,0.00,1629.33,366.60,570.26,814.66,814.66,611.00,325.87,2973.52,0.00,4847.25
Barnacle nauplii,,,,407.3319756,50.91649695,469.9984333,461.1305384,174.5708467,468.4317719,40.73319756,244.3991853,413.7975625,,325.8655804,232.7611289,733.197556,2707.559602,3530.210455,3258.655804,1176.736818,575.0569067,7169.04277,1629.327902,271.5546504,504.3157793,1034.493906,,977.5967413,271.5546504,325.8655804,0,0,0,0,0,,0,0,19.86985247,0,84.86082824,0,0,0,0,0,0,,,145.4757056,2.715546504,246.867864,0,0,,,3.542017179,,0,0,0,0,20.36659878,29.09514111,550.4486156,4443.621552,2012.699173,,,2211.230724,,,1221.995927,2506.658311,271.5546504,0,525.5896459,313.3322889,1357.773252,814.6639511,150.8636947,20.36659878,0,246.867864,156.6661444,0,290.9514111,246.867864,0,290.9514111,543.1093007,185.150898,27.15546504,145.4757056,29.09514111,220.1794462,0,0,0,0,0,0,27.15546504,0,0,0,0,,0.00,8.15,122.20,285.13,285.13,407.33,20.37,57.03,162.93,814.66,1507.13,6109.98,6109.98,6517.31,3258.66,4073.32,2443.99,6109.98,692.46,366.60,2036.66,1018.33,244.40,1222.00,814.66,4887.98,3258.66,20.37,407.33,203.67,1018.33,0.00,244.40,0.00,0.00,0.00,0.00,203.67,0.00,203.67,0.00,0.00,0.00,0.00,0.00,0.00,0.00,407.33,611.00,0.00,0.00,0.00,0.00,244.40,122.20,0.00,2647.66,407.33,40.73,0.00,0.00,203.67
Barnacle cyprids,,,,27.15546504,0,0,0,0,0,0,0,0,,0,0,0,0,0,2.036659878,54.31093007,38.33712711,325.8655804,222.1810776,362.0728672,620.6963437,129.3117383,,0,0,0,46.55222578,0,0,0,18.30705508,,127.2912424,20.36659878,19.86985247,2.036659878,0,0,0,0,0,0,0,,,0,0,0,0,0,,,0,,0,0,0,0,2.036659878,0,0,14.81207184,95.84281778,,,465.5222578,,,271.5546504,313.3322889,271.5546504,397.3970493,52.55896459,0,135.7773252,0,3.017273893,0,24.6867864,0,0,0,0,0,0,0,0,0,0,2.909514111,0,0,0,0,0,0,0,0,0,0,0,0,0,,0.00,4.07,0.00,122.20,0.00,0.00,0.00,0.00,0.00,0.00,0.00,203.67,407.33,40.73,40.73,814.66,407.33,1222.00,40.73,24.44,20.37,61.10,4.07,81.47,0.00,162.93,244.40,0.00,0.00,40.73,40.73,203.67,0.00,0.00,0.00,0.00,0.00,0.00,0.00,0.00,0.00,0.00,0.00,0.00,0.00,0.00,0.00,0.00,0.00,0.00,0.00,0.00,0.00,12.22,0.00,0.00,0.00,4.07,0.00,0.00,0.00,0.00
Bivalves,,,,10862.18601,3054.989817,2349.992167,345.8479038,58.19028222,20.36659878,40.73319756,40.73319756,77.58704296,,515.9538357,29.09514111,54.31093007,1629.327902,63.89521185,0,18.10364336,0,0,222.1810776,0,0,2.586234765,,0,271.5546504,8146.639511,1629.327902,669.5868091,92.57544899,153.7101795,0,,509.1649695,1629.327902,158.9588197,305.4989817,10522.7427,12592.37707,6037.241781,10379.42219,950.4412763,185.150898,317.4015394,,,145.4757056,0,987.4714559,0,905.1821679,,,2302.311166,,1629.327902,66.05383387,44.03588925,488.7983707,40.73319756,0,110.0897231,37.0301796,23.96070444,,,116.3805644,,,0,0,2.715546504,0,0,0,135.7773252,0,1508.636947,2647.657841,42461.2726,6912.300191,56243.14586,1629.327902,1163.805644,2468.67864,440.3588925,3782.368344,26612.35574,4258.470654,814.6639511,12801.86209,20657.55019,6165.024495,11405.29532,864.0375239,3782.368344,325.8655804,3590.555933,1948.109448,488.7983707,300.1393504,101.8329939,349.1416933,131.3974115,,162.93,122.20,488.80,16.29,12.22,162.93,122.20,48.88,122.20,325.87,81.47,4.07,0.00,0.00,203.67,0.00,0.00,0.00,81.47,0.00,0.00,0.00,0.00,0.00,1222.00,39103.87,23828.92,29327.90,56619.14,3869.65,0.00,203.67,4073.32,2240.33,814.66,4684.32,0.00,32993.89,17107.94,4887.98,4073.32,10386.97,6924.64,14256.62,21588.59,27698.57,50916.50,70875.76,36252.55,2240.33,0.00,0.00,0.00,1914.46,1832.99,203.67,1629.33,1425.66,4.07,40.73,0.00,81.47
Crepidula,,,,678.8866259,1188.051595,31.33322889,0,29.09514111,122.1995927,0,40.73319756,64.65586914,,27.15546504,0,0,0,0,101.8329939,0,0,3.258655804,0,0,0,0,,0,108.6218601,0,0,223.195603,6572.856878,3381.623948,4302.157944,,28895.11202,1425.661914,516.6161641,1629.327902,1527.494908,69.82833867,290.9514111,633.6275175,135.7773252,555.4526939,21.16010263,,,581.9028222,1086.218601,1604.641116,1163.805644,792.0343969,,,2125.210307,,55.54526939,22.01794462,0,0,0,0,0,185.150898,0,,,0,,,0,0,0,0,0,0,0,0,150.8636947,101.8329939,24.6867864,246.867864,1409.9953,1357.773252,18620.89031,35302.10455,16293.27902,21239.45301,59742.02308,7406.035919,7331.97556,5091.649695,290.9514111,660.5383387,305.4989817,123.433932,145.4757056,40.73319756,603.4547786,106.2605154,162.9327902,171.5082002,25.45824847,87.28542333,26.27948229,,0.00,0.00,0.00,0.00,0.00,0.00,4.07,4.07,0.00,0.00,0.00,0.00,0.00,0.00,0.00,0.00,0.00,0.00,0.00,0.00,0.00,0.00,40.73,407.33,1629.33,814.66,2443.99,814.66,814.66,5091.65,10183.30,21181.26,26476.58,40.73,611.00,2036.66,0.00,4276.99,1222.00,407.33,407.33,407.33,2443.99,2851.32,0.00,0.00,814.66,0.00,1222.00,2036.66,0.00,0.00,0.00,1710.79,40.73,40.73,407.33,12.22,4.07,0.00,0.00,0.00
Amphipods,,,,135.7773252,0,0,0,0,2.036659878,0,0,0,,0,0,0,0,0,0,0,0,0,0,0,0,0,,0,0,0,0,0,0,0,0,,0,0,0,0,0,0,0,0,543.1093007,0,0,,,2.909514111,0,0,0,0,,,0,,0,0,0,0,0,0,0,0,0,,,0,,,0,0,0,0,0,0,0,0,0,0,27.15546504,4.93735728,0,0,0,0,0,0,0,0,0,0,0,0,0,0,0,0,0,0,0,42.87705006,0,0,0,,0.00,0.00,0.00,0.00,0.00,0.00,0.00,0.00,0.00,0.00,0.00,0.00,0.00,0.00,0.00,0.00,0.00,0.00,0.00,0.00,0.00,0.00,0.00,0.00,0.00,0.00,0.00,0.00,0.00,0.00,0.00,0.00,0.00,0.00,0.00,0.00,0.00,0.00,4.07,0.00,0.00,0.00,0.00,0.00,0.00,0.00,0.00,0.00,0.00,0.00,0.00,0.00,0.00,0.00,0.00,0.00,0.00,0.00,0.00,0.00,0.00,0.00
Cladocerans,,,,27.15546504,0,0,0,0,0,0,0,0,,0,0,0,0,0,0,0,0,0,0,0,0,0,,0,135.7773252,32.58655804,279.3133547,111.5978015,462.877245,768.5508973,732.2822033,,1018.329939,0,0,0,0,0,0,0,0,0,0,,,0,0,0,29.09514111,0,,,0,,0,0,0,0,0,0,0,0,0,,,0,,,0,0,0,0,0,0,0,0,0,0,0,0,469.9984333,81.46639511,290.9514111,740.6035919,616.5024495,1163.805644,3801.765105,925.7544899,0,2.909514111,0,0,0,0,0,0,0,0,0,0,0,0,0,,0.00,0.00,0.00,0.00,0.00,0.00,0.00,0.00,0.00,0.00,40.73,0.00,0.00,0.00,0.00,0.00,0.00,0.00,0.00,0.00,0.00,0.00,0.00,0.00,0.00,0.00,0.00,81.47,2851.32,3462.32,4276.99,1018.33,1629.33,0.00,0.00,0.00,0.00,0.00,0.00,0.00,0.00,0.00,0.00,1222.00,0.00,0.00,0.00,0.00,0.00,0.00,0.00,0.00,0.00,0.00,0.00,0.00,0.00,0.00,0.00,0.00,0.00,0.00
Shrimp,,,,2.715546504,0,0,0,0,0,0,0,0,,0,0,0,0,0,0,0,0,0,0,1.810364336,0,5.172469531,,32.58655804,271.5546504,65.17311609,46.55222578,2.23195603,18.5150898,1.537101795,13.73029131,,25.45824847,2.036659878,0,10.18329939,1.697216565,16.29327902,1.454757056,0,27.15546504,0,0,,,0,0,0,0,0,,,0,,0,0,0,0,0,0,0,0,0,,,0,,,0,0,0,0,0,0,13.57773252,27.15546504,0,0,9.874714559,0,31.33322889,13.57773252,2.909514111,22.21810776,88.0717785,290.9514111,271.5546504,185.150898,5.431093007,0,8.728542333,0,0,24.6867864,0,0,0,0,2.715546504,0,0,0,0,,0.00,0.00,0.00,0.00,0.00,0.00,0.00,0.00,0.00,0.00,0.00,0.00,0.00,0.00,0.00,0.00,0.00,0.00,0.00,0.00,0.00,20.37,0.00,0.00,4.07,4.07,4.07,0.00,4.07,0.00,0.00,4.07,4.07,16.29,0.00,8.15,0.00,81.47,40.73,4.07,0.00,0.00,0.00,16.29,0.00,0.00,0.00,0.00,0.00,0.00,0.00,0.00,0.00,0.00,0.00,0.00,0.00,0.00,0.00,0.00,0.00,0.00
Chaetognaths,,,,0,0,0,0,0,0,0,0,0,,0,0,0,0,0,0,0,1.916856356,6.517311609,0,1.810364336,3.879352148,5.172469531,,16.29327902,0,0,0,0,0,0,18.30705508,,25.45824847,0,0,0,3.39443313,0,0,0,0,0,0,,,0,0,0,29.09514111,0,,,0,,0,0,0,0,0,0,0,0,0,,,0,,,2.715546504,9.399968667,5.431093007,39.73970493,2.627948229,9.399968667,20.36659878,8.146639511,0,2.036659878,7.406035919,148.1207184,31.33322889,135.7773252,116.3805644,2.46867864,15.41256124,0,54.31093007,3.70301796,2.715546504,0,2.909514111,0,0,0,0,0,0,0,0,0,0,0,0,,0.00,0.00,0.00,0.00,0.00,0.00,0.00,0.00,4.07,0.00,0.00,40.73,0.00,4.07,8.15,0.00,4.07,32.59,24.44,20.37,203.67,407.33,4.07,36.66,16.29,162.93,81.47,20.37,40.73,0.00,0.00,0.00,0.00,0.00,0.00,0.00,0.00,0.00,0.00,0.00,0.00,0.00,0.00,0.00,0.00,0.00,0.00,0.00,0.00,0.00,0.00,0.00,0.00,0.00,0.00,0.00,0.00,0.00,4.07,0.00,0.00,0.00
Larvaceans,,,,1900.882553,848.6082824,156.6661444,0,0,0,0,0,0,,0,0,0,0,0,0,0,0,0,0,0,0,2.586234765,,0,27.15546504,0,0,0,0,0,0,,127.2912424,101.8329939,0,0,84.86082824,0,72.73785278,3.017273893,0,37.0301796,2.116010263,,,2618.5627,3665.98778,4443.621552,1309.28135,0,,,0,,0,0,0,0,0,0,0,0,0,,,0,,,0,0,0,0,0,0,0,0,0,0,0,0,0,0,0,0,0,0,54.31093007,0,27.15546504,0,203.6659878,440.3588925,0,0,0,8.146639511,0,0,0,42.87705006,0,0,0,,0.00,0.00,0.00,0.00,0.00,0.00,0.00,0.00,0.00,0.00,0.00,0.00,0.00,0.00,0.00,0.00,0.00,0.00,0.00,0.00,0.00,0.00,0.00,407.33,0.00,0.00,0.00,0.00,0.00,0.00,0.00,0.00,0.00,0.00,0.00,0.00,0.00,0.00,0.00,0.00,0.00,0.00,814.66,407.33,0.00,0.00,0.00,407.33,3665.99,1629.33,0.00,0.00,0.00,0.00,0.00,0.00,0.00,0.00,0.00,0.00,0.00,0.00
Crabs,,,,2.715546504,0,0,0,0,2.036659878,20.36659878,0,0,,0,0,0,0,0,0,0,0,0,0,0,0,0,,162.9327902,2.715546504,32.58655804,2.327611289,0,18.5150898,15.37101795,9.153527541,,25.45824847,101.8329939,29.8047787,122.1995927,67.88866259,0,145.4757056,39.22456061,488.7983707,74.06035919,40.20419499,,,290.9514111,54.31093007,133.3086465,5.819028222,0,,,0,,0,0,0,0,0,0,0,0,0,,,0,,,0,0,0,0,0,0,0,0,0,0,0,4.93735728,6.266645778,2.715546504,58.19028222,98.74714559,13.21076677,34.91416933,32.58655804,48.13923348,27.15546504,11.63805644,145.4757056,264.2153355,468.4317719,246.867864,261.85627,0,6.034547786,0,27.15546504,8.575410012,0,0,0,,0.00,0.00,0.00,0.00,0.00,0.00,0.00,0.00,0.00,0.00,0.00,0.00,0.00,0.00,0.00,0.00,0.00,0.00,0.00,0.00,0.00,0.00,0.00,0.00,0.00,0.00,4.07,16.29,4.07,0.00,2.04,8.15,28.51,0.00,8.15,12.22,0.00,448.07,40.73,40.73,285.13,40.73,244.40,293.28,40.73,4.07,81.47,0.00,0.00,0.00,0.00,0.00,0.00,0.00,0.00,0.00,0.00,0.00,0.00,0.00,0.00,0.00
Fish eggs,,,,0,0,0,0,0,0,0,0,0,,0,0,0,0,0,0,0,0,0,0,0,0,5.172469531,,0,0,26.06924644,0,11.15978015,24.06961674,104.522922,27.46058262,,15.27494908,8.146639511,3.973970493,0,5.091649695,0,0,0,0,1.85150898,0,,,0,0,0,0,0,,,0,,0,0,0,0,0,0,0,0,0,,,2.327611289,,,0,0,0,0,0,0,0,2.715546504,3.017273893,6.109979633,0,0,3.133322889,3.39443313,116.3805644,27.15546504,15.41256124,11.63805644,48.87983707,3.70301796,0,0,2.909514111,11.00897231,0,0,0,0,0,0,0,0,0,0,0,,0.00,0.00,0.00,0.00,0.00,0.00,0.00,0.00,0.00,0.00,0.00,0.00,0.00,0.00,0.00,0.00,0.00,0.00,4.07,0.00,0.00,0.00,0.10,0.00,0.00,0.00,4.07,0.00,8.15,28.51,93.69,65.17,28.51,20.37,16.29,8.15,0.00,8.15,24.44,8.15,0.00,4.07,0.00,0.00,0.00,0.00,0.00,0.00,0.00,0.00,0.00,0.00,0.00,0.00,0.00,0.00,0.00,0.00,0.00,0.00,0.00,0.00
Fish larvae,,,,0,0,0,0,0,0,0,0,0,,0,0,0,0,0,0,0,0,0,0,0,0,0,,0,0,0,0,0,0,0,1.830705508,,0,0,0,0,0,0,0,0,0,0,0,,,0,0,0,0,0,,,0,,0,0,0,0,0,0,0,0,0,,,0,,,0,0,0,1.986985247,0,0,0,0,0,0,0,0,0,0,0,0,4.403588925,0,21.72437203,3.70301796,0,0,2.909514111,2.201794462,0,0,0,0,0,0,0,0,0,0,0,,0.00,0.00,0.00,0.00,0.00,0.00,0.00,0.00,0.00,0.00,0.00,0.00,0.00,0.00,0.00,0.00,0.00,0.00,0.00,0.00,0.00,0.00,0.10,0.00,0.00,0.00,0.00,0.00,0.00,4.07,8.15,0.00,0.00,28.51,0.00,0.00,0.00,0.00,8.15,0.00,4.07,0.00,0.00,0.00,0.00,0.00,0.00,0.00,0.00,0.00,0.00,0.00,0.00,0.00,0.00,0.00,0.00,0.00,0.00,0.00,0.00,0.00
Rathkea,,,,0,0,0,0,0,2.036659878,0,4.073319756,2.586234765,,0,0,0,0,0,0,0,19.16856356,65.17311609,0,0,116.3805644,181.0364336,,651.7311609,543.1093007,32.58655804,6.982833867,0,0,0,0,,0,0,0,0,0,0,0,0,0,0,0,,,0,8.146639511,4.93735728,0,0,,,0,,0,0,0,0,0,0,4.403588925,0,23.96070444,,,0,,,27.15546504,3.133322889,271.5546504,7.947940987,262.7948229,814.6639511,2036.659878,407.3319756,603.4547786,101.8329939,123.433932,49.3735728,0,0,0,0,0,0,5.431093007,0,0,0,0,0,0,0,0,0,0,0,0,0,0,0,0,,0.00,0.00,0.00,0.00,0.00,4.07,0.00,0.00,4.07,0.00,0.00,40.73,0.00,4.07,4.07,0.00,0.00,0.00,4.07,0.00,20.37,0.00,0.00,0.00,407.33,488.80,285.13,0.00,0.00,0.00,0.00,0.00,0.00,0.00,0.00,0.00,0.00,0.00,0.00,0.00,0.00,0.00,0.00,0.00,0.00,0.00,0.00,0.00,0.00,0.00,0.00,0.00,0.00,0.00,0.00,0.00,0.00,0.00,4.07,4.07,0.00,0.00
Hybocodon,,,,0,0,0,0,0,0,0,0,0,,0,0,0,0,0,0,0,0,3.258655804,0,0,77.58704296,51.72469531,,325.8655804,475.2206382,0,0,0,0,0,0,,0,0,0,0,0,0,0,0,0,0,0,,,0,0,0,0,0,,,0,,0,0,0,0,0,0,0,0,0,,,0,,,0,0,0,0,0,0,6.788866259,27.15546504,6.034547786,8.146639511,49.3735728,0,0,2.715546504,0,0,0,0,0,0,0,0,0,0,0,0,0,0,0,0,0,0,0,0,0,,0.00,0.00,0.00,0.00,0.00,0.00,0.00,0.00,0.00,0.00,0.00,0.00,0.00,0.00,0.00,0.00,0.00,0.00,0.00,0.00,0.00,0.00,0.00,0.00,0.00,0.00,0.00,0.00,0.00,0.00,0.00,0.00,0.00,0.00,0.00,0.00,0.00,0.00,0.00,0.00,0.00,0.00,0.00,0.00,0.00,0.00,0.00,0.00,0.00,0.00,0.00,0.00,0.00,0.00,0.00,0.00,0.00,0.00,0.00,0.00,0.00,0.00
Obelia,,,,271.5546504,0,0,0,0,0,0,0,0,,0,0,0,0,0,0,0,0,0,0,1.810364336,0,25.86234765,,0,543.1093007,32.58655804,6.982833867,0,0,0,0,,0,0,0,0,0,0,0,0,0,0,0,,,0,0,0,0,0,,,0,,0,0,0,0,0,0,0,0,0,,,0,,,0,0,2.715546504,0,525.5896459,939.9968667,1357.773252,2036.659878,150.8636947,1221.995927,246.867864,246.867864,31.33322889,2.715546504,58.19028222,246.867864,0,0,0,0,0,5.819028222,0,110.0897231,0,0,2.909514111,0,0,0,0,42.87705006,0,0,0,,0.00,0.00,0.00,0.00,0.00,0.00,0.00,0.00,0.00,0.00,0.00,0.00,0.00,0.00,0.00,0.00,0.00,0.00,4.07,40.73,40.73,0.00,4.07,20.37,814.66,1222.00,611.00,73.32,40.73,0.00,12.22,0.00,0.00,0.00,0.00,0.00,0.00,0.00,0.00,0.00,0.00,0.00,0.00,0.00,0.00,0.00,0.00,0.00,0.00,0.00,0.00,0.00,0.00,0.00,0.00,0.00,0.00,0.00,0.00,0.00,0.00,0.00
Other hydromedusae,,,,0,0,0,0,0,0,0,0,0,,0,0,0,0,0,2.036659878,0,0,0,0,5.431093007,0,0,,391.0386965,0,0,0,0,0,0,1.830705508,,2.545824847,0,0,20.36659878,0,0,0,3.017273893,0,0,0,,,0,0,0,727.3785278,0,,,0,,0,0,0,0,0,0,0,0,0,,,0,,,0,0,2.715546504,1.986985247,0,6.266645778,6.788866259,2.715546504,3.017273893,20.36659878,2.46867864,0,0,0,0,0,0,0,54.31093007,0,2.715546504,0,0,0,0,0,0,0,0,0,0,0,0,0,0,,0.00,0.00,0.00,0.00,0.00,0.00,0.00,0.00,0.00,0.00,0.00,0.00,40.73,0.00,0.00,0.00,0.00,0.00,0.00,4.07,20.37,61.10,4.07,0.00,20.37,4.07,0.00,0.00,0.00,0.00,0.00,0.00,0.00,0.00,0.00,0.00,0.00,0.00,4.07,0.00,8.15,0.00,0.00,8.15,0.00,0.00,8.15,0.00,0.00,0.00,0.00,0.00,0.00,0.00,0.00,0.00,0.00,0.00,0.00,0.00,0.00,0.00
Cyanea/Aurelia,,,,0,0,0,0,0,0,0,0,0,,0,0,0,0,0,0,0,0,0,0,0,0,0,,0,0,0,0,0,0,0,0,,0,0,0,0,0,0,0,0,0,0,0,,,0,0,0,0,0,,,0,,0,0,0,0,0,0,0,0,0,,,0,,,0,0,0,0,0,3.133322889,0,0,0,0,0,0,0,0,0,0,0,0,0,0,0,0,0,0,0,0,0,0,0,0,0,0,0,0,0,,0.00,0.00,0.00,0.00,0.00,0.00,0.00,0.00,0.00,0.00,0.00,0.00,0.00,0.00,0.00,0.00,0.00,0.00,0.00,0.00,0.00,0.00,0.00,0.00,0.00,0.00,0.00,0.00,0.00,0.00,0.00,0.00,0.00,0.00,0.00,0.00,0.00,0.00,0.00,0.00,0.00,0.00,0.00,0.00,0.00,0.00,0.00,0.00,0.00,0.00,0.00,0.00,0.00,0.00,0.00,0.00,0.00,0.00,0.00,0.00,0.00,0.00
Echinoderm larvae,,,,0,0,0,0,0,0,0,0,0,,0,0,0,0,0,0,0,0,0,0,0,0,0,,0,0,0,0,0,1944.084429,153.7101795,3020.664088,,8146.639511,509.1649695,39.73970493,61.09979633,16.97216565,0,0,0,0,0,0,,,0,0,0,0,0,,,0,,0,0,0,0,0,0,0,0,0,,,0,,,27.15546504,156.6661444,0,0,0,0,0,0,0,0,0,0,0,27.15546504,2036.659878,3209.282232,660.5383387,290.9514111,4887.983707,1481.207184,54.31093007,145.4757056,0,0,0,0,0,0,90.51821679,0,27.15546504,0,0,0,0,,0.00,0.00,0.00,0.00,0.00,0.00,0.00,0.00,0.00,0.00,0.00,0.00,0.00,0.00,0.00,0.00,0.00,0.00,0.00,0.00,0.00,0.00,0.00,0.00,0.00,0.00,0.00,0.00,1832.99,0.00,0.00,0.00,0.00,0.00,0.00,0.00,0.00,0.00,0.00,0.00,0.00,0.00,0.00,0.00,0.00,0.00,0.00,0.00,40.73,0.00,0.00,0.00,0.00,0.00,0.00,0.00,0.00,0.00,0.00,0.00,0.00,0.00
TOTAL ZOOPLANKTON,,,,53860.14936,56093.00747,38489.73837,14871.45986,8585.976142,6851.323829,2712.830957,14057.02648,3896.162674,,6128.988459,4189.70032,4670.739986,14496.22619,11384.52937,30370.6721,10771.6678,16067.08997,46289.2057,25565.63599,14680.2444,93612.64669,127884.1367,,140920.5703,121102.5119,97199.18534,95145.76666,54673.99492,57039.43714,68061.33036,77913.91107,,56789.71487,8590.631365,1925.388704,7480.651731,26690.4277,13923.77073,10337.50364,12422.11662,7169.04277,9925.939641,4198.164361,,,39135.87431,52700.611,83211.75091,28228.10591,10907.44512,,,35246.61295,,4834.289946,1314.471294,2069.686795,10012.21996,1105.906314,3247.017748,7675.455496,27365.30272,13947.52606,,,24221.12307,,,28211.81263,68080.83973,54245.75696,40506.68124,30591.94534,72968.82344,78105.90631,49556.00815,35863.31749,58285.13238,143452.4471,121098.562,161657.5278,65610.99796,151245.272,118207.7393,93871.30511,54919.98836,141968.7712,38055.91557,21412.08418,135984.8705,54032.58656,34409.64386,34582.48473,15577.36222,19263.89293,2305.498982,30299.46443,19658.19534,8668.02444,18449.99464,1797.352342,12574.91999,6401.681887,,5018.33,6684.32,3600.81,2309.57,7150.71,10672.10,4977.60,2167.01,11380.86,22509.16,9523.42,30631.36,22541.75,29050.92,32415.48,47710.79,35690.43,73739.31,51812.63,14448.07,83747.45,60244.40,14570.46,67613.03,62281.06,115613.03,109812.63,94757.64,180382.89,134778.00,152091.65,61991.85,73706.72,15470.47,23613.03,21918.53,0.00,52431.77,39963.34,54350.31,64940.94,62867.62,214435.85,80073.32,64195.52,101030.55,155128.31,139743.38,90346.23,42700.61,0.00,0.00,31446.03,17572.30,11164.97,7784.11,17331.98,9002.04,9169.04,21983.71,0.00,12321.79
,,,,,,,,,,,,,,,,,,,,,,,,,,,,,,,,,,,,,,,,,,,,,,,,,,,,,,,,,,,,,,,,,,,,,,,,,,,,,,,,,,,,,,,,,,,,,,,,,,,,,,,,,,,,,,,,,,,,,,,,,,,,,,,,,,,,,,,,,,,,,,,,,,,,,,,,,,,,,,,,,,,,,,,,,,
TOTAL COPEPODS,,,,36285.13238,48065.17312,34228.41924,12681.08981,7509.455921,6050.916497,2509.164969,12505.09165,3234.086574,,5042.769857,3636.892639,3774.60964,9919.73164,7630.685675,26802.44399,9377.68726,14819.21648,36597.96334,23319.13843,13945.23648,90350.11153,126389.293,,136896.1303,115872.3693,87690.4277,93127.72767,53544.62517,47813.36789,63328.59394,69402.04581,,15198.57434,2959.266802,540.4599871,4617.107943,8520.027155,733.197556,2189.409369,337.934676,4073.319756,7498.611368,2230.274817,,,34041.3151,46253.9036,72951.92248,22636.01978,7399.864223,,,17887.18675,,1538.603962,631.9150107,1805.471459,6753.564155,859.4704684,2781.49549,5359.167722,19166.82096,6879.118246,,,12929.88071,,,21230.14257,52871.69043,49615.75017,32705.77716,27646.01537,66182.04606,71676.84997,44600.13578,31925.77506,51201.62933,71591.68055,79170.52398,96851.0105,60453.49627,125871.3995,74608.40585,74623.21792,24323.53797,36062.45757,13741.89965,2663.95112,8670.352051,9703.229561,21581.98932,18839.10387,11849.65747,7215.594996,1360.488798,7935.430339,9315.50518,6710.115411,12781.64862,1364.562118,11294.73378,5061.42829,,2370.67,4879.84,2093.69,1315.68,5386.97,7327.90,4097.76,1792.26,10354.38,16480.65,7576.37,22887.98,11503.05,18492.87,19735.23,29584.52,23832.99,44378.82,39515.27,12851.32,65723.01,46659.88,10643.58,55661.91,31283.10,50839.10,59494.91,59107.94,113279.02,121466.40,136048.88,38492.87,37148.68,11046.84,4240.33,3560.08,,8920.57,5828.92,27006.11,24521.38,42456.21,39446.03,48391.04,21588.59,40130.35,55242.36,60313.65,38778.00,32109.98,0.00,0.00,25743.38,12020.37,7132.38,6114.05,10814.66,5930.75,8704.68,18069.25,0.00,7067.21
TOTAL ZOOPLANKTON,,,,53860.14936,56093.00747,38489.73837,14871.45986,8585.976142,6851.323829,2712.830957,14057.02648,3896.162674,,6128.988459,4189.70032,4670.739986,14496.22619,11384.52937,30370.6721,10771.6678,16067.08997,46289.2057,25565.63599,14680.2444,93612.64669,127884.1367,,140920.5703,121102.5119,97199.18534,95145.76666,54673.99492,57039.43714,68061.33036,77913.91107,,56789.71487,8590.631365,1925.388704,7480.651731,26690.4277,13923.77073,10337.50364,12422.11662,7169.04277,9925.939641,4198.164361,,,39135.87431,52700.611,83211.75091,28228.10591,10907.44512,,,35246.61295,,4834.289946,1314.471294,2069.686795,10012.21996,1105.906314,3247.017748,7675.455496,27365.30272,13947.52606,,,24221.12307,,,28211.81263,68080.83973,54245.75696,40506.68124,30591.94534,72968.82344,78105.90631,49556.00815,35863.31749,58285.13238,143452.4471,121098.562,161657.5278,65610.99796,151245.272,118207.7393,93871.30511,54919.98836,141968.7712,38055.91557,21412.08418,135984.8705,54032.58656,34409.64386,34582.48473,15577.36222,19263.89293,2305.498982,30299.46443,19658.19534,8668.02444,18449.99464,1797.352342,12574.91999,6401.681887,,5018.33,6684.32,3600.81,2309.57,7150.71,10672.10,4977.60,2167.01,11380.86,22509.16,9523.42,30631.36,22541.75,29050.92,32415.48,47710.79,35690.43,73739.31,51812.63,14448.07,83747.45,60244.40,14570.46,67613.03,62281.06,115613.03,109812.63,94757.64,180382.89,134778.00,152091.65,61991.85,73706.72,15470.47,23613.03,21918.53,,52431.77,39963.34,54350.31,64940.94,62867.62,214435.85,80073.32,64195.52,101030.55,155128.31,139743.38,90346.23,42700.61,0.00,0.00,31446.03,17572.30,11164.97,7784.11,17331.98,9002.04,9169.04,21983.71,0.00,12321.79
% of Copepods in zooplankton,,,,67.36916406,85.68835098,88.92868772,85.27131783,87.46187733,88.31747919,92.49249249,88.95972182,83.0069698,,82.27735933,86.80555556,80.81395349,68.42975207,67.02679949,88.25107296,87.05882353,92.23335719,79.06370996,91.21282348,94.99321741,96.51485641,98.83109529,,97.14417852,95.68122702,90.21724554,97.87900286,97.93435663,83.82510468,93.04636509,89.07529459,,26.76289954,34.4476055,28.07017544,61.72066431,31.9216584,5.265797392,21.17928511,2.720427496,56.81818182,75.54560716,53.125,,,86.98238049,87.76730046,87.67021687,80.18965162,67.84232365,,,50.74866848,,31.82688625,48.07370184,87.23404255,67.453214,77.71639042,85.66308244,69.82214573,70.0405954,49.32142244,,,53.38266385,,,75.25267109,77.660162,91.46475771,80.74168547,90.37024311,90.69907248,91.76879618,89.99945202,89.02069662,87.8468097,49.90621074,65.37693154,59.91122827,92.1392726,83.22336148,63.11634609,79.49523854,44.28904429,25.40168324,36.10975966,12.44134432,6.375968163,17.95810673,62.72075761,54.47585395,76.06973059,37.45657756,59.01060071,26.19000199,47.38738739,77.4122807,69.27724843,75.92067989,89.819528,79.06403941,,47.24,73.00,58.14,56.97,75.33,68.66,82.32,82.71,90.98,73.22,79.56,74.72,51.03,63.66,60.88,62.01,66.78,60.18,76.27,88.95,78.48,77.45,73.05,82.32,50.23,43.97,54.18,62.38,62.80,90.12,89.45,62.09,50.40,71.41,17.96,16.24,,17.01,14.59,49.69,37.76,67.53,18.40,60.43,33.63,39.72,35.61,43.16,42.92,75.20,#DIV/0!,#DIV/0!,81.87,68.41,63.88,78.55,62.40,65.88,94.94,82.19,#DIV/0!,57.36
Non-copepod zooplankton,,,,17575.01697,8027.834352,4261.319129,2190.370057,1076.520221,800.407332,203.6659878,1551.934827,662.0761,,1086.218601,552.8076811,896.1303462,4576.494549,3753.843696,3568.228106,1393.980539,1247.873487,9691.242363,2246.497562,735.0079203,3262.535157,1494.843694,,4024.439919,5230.142566,9508.757637,2018.038987,1129.369751,9226.069246,4732.736425,8511.86526,,41591.14053,5631.364562,1384.928717,2863.543788,18170.40054,13190.57317,8148.094268,12084.18194,3095.723014,2427.328273,1967.889544,,,5094.559209,6446.7074,10259.82843,5592.086122,3507.580901,,,17359.42619,,3295.685984,682.5562834,264.2153355,3258.655804,246.4358452,465.5222578,2316.287775,8198.481763,7068.407811,,,11291.24236,,,6981.670061,15209.1493,4630.006789,7800.904078,2945.929965,6786.777377,6429.056348,4955.872369,3937.54243,7083.503055,71860.76652,41928.03802,64806.51731,5157.501697,25373.87256,43599.33346,19248.08719,30596.45039,105906.3136,24314.01592,18748.13306,127314.5185,44329.357,12827.65454,15743.38086,3727.704746,12048.29793,945.0101833,22364.0341,10342.69016,1957.909029,5668.346018,432.790224,1280.186209,1340.253597,,2647.66,1804.48,1507.13,993.89,1763.75,3344.20,879.84,374.75,1026.48,6028.51,1947.05,7743.38,11038.70,10558.04,12680.24,18126.27,11857.43,29360.49,12297.35,1596.74,18024.44,13584.52,3926.88,11951.12,30997.96,64773.93,50317.72,35649.69,67103.87,13311.61,16042.77,23498.98,36558.04,4423.63,19372.71,18358.45,,43511.20,34134.42,27344.20,40419.55,20411.41,174989.82,31682.28,42606.92,60900.20,99885.95,79429.74,51568.23,10590.63,0.00,0.00,5702.65,5551.93,4032.59,1670.06,6517.31,3071.28,464.36,3914.46,0.00,5254.58
% non-copepod zooplankton,,,,32.63083594,14.31164902,11.07131228,14.72868217,12.53812267,11.68252081,7.507507508,11.04027818,16.9930302,,17.72264067,13.19444444,19.18604651,31.57024793,32.97320051,11.74892704,12.94117647,7.766642806,20.93629004,8.787176516,5.006782587,3.485143591,1.168904708,,2.855821482,4.318772984,9.782754459,2.120997138,2.06564337,16.17489532,6.953634906,10.92470541,,73.23710046,65.5523945,71.92982456,38.27933569,68.0783416,94.73420261,78.82071489,97.2795725,43.18181818,24.45439284,46.875,,,13.01761951,12.23269954,12.32978313,19.81034838,32.15767635,,,49.25133152,,68.17311375,51.92629816,12.76595745,32.546786,22.28360958,14.33691756,30.17785427,29.9594046,50.67857756,,,46.61733615,,,24.74732891,22.339838,8.535242291,19.25831453,9.629756894,9.300927516,8.231203824,10.00054798,10.97930338,12.1531903,50.09378926,34.62306846,40.08877173,7.860727404,16.77663852,36.88365391,20.50476146,55.71095571,74.59831676,63.89024034,87.55865568,93.62403184,82.04189327,37.27924239,45.52414605,23.93026941,62.54342244,40.98939929,73.80999801,52.61261261,22.5877193,30.72275157,24.07932011,10.180472,20.93596059,,52.76,27.00,41.86,43.03,24.67,31.34,17.68,17.29,9.02,26.78,20.44,25.28,48.97,36.34,39.12,37.99,33.22,39.82,23.73,11.05,21.52,22.55,26.95,17.68,49.77,56.03,45.82,37.62,37.20,9.88,10.55,37.91,49.60,28.59,82.04,83.76,,82.99,85.41,50.31,62.24,32.47,81.60,39.57,66.37,60.28,64.39,56.84,57.08,24.80,#DIV/0!,#DIV/0!,18.13,31.59,36.12,21.45,37.60,34.12,5.06,17.81,#DIV/0!,42.64
